a;,,,
and;,,,
away;,,,
big;,,,
blue;,,,
can;,,,
come;,,,
down;,,,
find;,,,
for;,,,
funny;,,,
go;,,,
help;,,,
here;,,,
I;,,,
in;,,,
is;,,,
it;,,,
jump;,,,
little;,,,
look;,,,
make;,,,
me;,,,
my;,,,
not;,,,
one;,,,
play;,,,
red;,,,
run;,,,
said;,,,
see;,,,
the;,,,
three;,,,
to;,,,
two;,,,
up;,,,
we;,,,
where;,,,
yellow;,,,
you;,,,
all;,,,
am;,,,
are;,,,
at;,,,
ate;,,,
be;,,,
black;,,,
brown;,,,
but;,,,
came;,,,
did;,,,
do;,,,
eat;,,,
four;,,,
get;,,,
good;,,,
have;,,,
he;,,,
into;,,,
like;,,,
must;,,,
new;,,,
no;,,,
now;,,,
on;,,,
our;,,,
out;,,,
please;,,,
pretty;,,,
ran;,,,
ride;,,,
saw;,,,
say;,,,
she;,,,
so;,,,
soon;,,,
that;,,,
there;,,,
they;,,,
this;,,,
too;,,,
under;,,,
want;,,,
was;,,,
well;,,,
went;,,,
what;,,,
white;,,,
who;,,,
will;,,,
with;,,,
yes;,,,
after;,,,
again;,,,
an;,,,
any;,,,
as;,,,
ask;,,,
by;,,,
could;,,,
every;,,,
fly;,,,
from;,,,
give;,,,
going;,,,
had;,,,
has;,,,
her;,,,
him;,,,
his;,,,
how;,,,
just;,,,
know;,,,
let;,,,
live;,,,
may;,,,
of;,,,
old;,,,
once;,,,
open;,,,
over;,,,
put;,,,
round;,,,
some;,,,
stop;,,,
take;,,,
thank;,,,
them;,,,
then;,,,
think;,,,
walk;,,,
were;,,,
when;,,,
always;,,,
around;,,,
because;,,,
been;,,,
before;,,,
best;,,,
both;,,,
buy;,,,
call;,,,
cold;,,,
does;,,,
donâ€™t;,,,
fast;,,,
first;,,,
five;,,,
found;,,,
gave;,,,
goes;,,,
green;,,,
its;,,,
made;,,,
many;,,,
off;,,,
or;,,,
pull;,,,
read;,,,
right;,,,
sing;,,,
sit;,,,
sleep;,,,
tell;,,,
their;,,,
these;,,,
those;,,,
upon;,,,
us;,,,
use;,,,
very;,,,
wash;,,,
which;,,,
why;,,,
wish;,,,
work;,,,
would;,,,
write;, wrote;, writing;, written;
your;,,,
about;,,,
better;,,,
bring;,,,
carry;,,,
clean;,,,
cut;,,,
done;,,,
draw;,,,
drink;,,,
eight;,,,
fall;,,,
far;,,,
full;,,,
got;,,,
grow;,,,
hold;,,,
hot;,,,
hurt;,,,
if;,,,
keep;,,,
kind;,,,
laugh;,,,
light;,,,
long;,,,
much;,,,
myself;,,,
never;,,,
only;,,,
own;,,,
pick;,,,
seven;,,,
shall;,,,
show;,,,
six;,,,
small;,,,
start;,,,
ten;,,,
today;,,,
together;,,,
try;,,,
warm;,,,
twelve;,,,
writes;,,,
named;,,,
man;,,,
ever;,,,
twelfth;,,,
four;,,,
five;,,,
Aliciana;,,,
Amanda;,,,
Andrew;,,, 
Anna;,,, 
Anthony;,,, 
Augustus;,,, 
Austin;,,, 
Auld;,,, 
Bailey;,,, 
Barney;,,, 
Beal;,,, 
Betsey;,,, 
Betsy;,,, 
Bowley;,,, 
Caldwell;,,, 
Caroline;,,, 
Charles;,,, 
Cookman;,,, 
Covey;,,, 
Curtis;,,, 
Daniel;,,, 
David;,,, 
Dearborn;,,, 
Demby;,,, 
Dodson;,,, 
Douglass;,,, 
Edward;,,, 
Eli;,,, 
Eliza;,,, 
Fairbanks;,,, 
Freddy;,,, 
Frederick;,,,
Freeland;,,, 
George;,,, 
Giles;,,, 
Gore;,,, 
Graham;,,,  
Hamilton;,,, 
Harriet;,,, 
Harris;,,, 
Harrison;,,, 
Hester;,,,
Henny;,,, 
Henrietta;,,, 
Henry;,,, 
Hick;,,, 
Hickey;,,, 
Hicks;,,, 
Hopkins;,,, 
Hugh;,,, 
Hughes;,,, 
Humphry;,,, 
Isaac;,,, 
Jacob;,,, 
Jake;,,,
James;,,, 
January;,,, 
Jenkins;,,, 
Jepson;,,, 
John;,,, 
Johnson;,,, 
Joseph;,,, 
Kemp;,,, 
Lee;,,, 
Lespenard;,,, 
Lloyd;,,, 
Lowe;,,, 
Lucretia;,,, 
Mary;,,, 
Michaels;,,, 
Murray;,,, 
Nathan;,,, 
Ned;,,, 
Nicholson;,,, 
Patrick;,,, 
Pennington;,,, 
Peter;,,, 
Philpot;,,, 
Plummer;,,, 
Priscilla;,,, 
Rigby;,,, 
Ricketson;,,, 
Richard;,,,
Roberts;,,, 
Rowe;,,, 
Rowena;,,, 
Ruggles;,,, 
Samuel;,,, 
Sally;,,, 
Severe;,,, 
Shaw;,,, 
Sheridan;,,, 
Slater;,,, 
Smith;,,, 
Sophia;,,, 
Stanley;,,, 
Stewart;,,, 
Thomas;,,, 
Tom;,,, 
Townsend;,,,
Walter;,,, 
Watson;,,, 
Wilk;,,, 
Wilkes;,,,
William;,,, 
Willis;,,, 
Wilson;,,, 
Wright;,,,